<ImportExportXml version="7.0.0000.3543" SolutionPackageVersion="7.0" languagecode="1033" generatedBy="OnPremise" xmlns:xsi="http://www.w3.org/2001/XMLSchema-instance">
  <SolutionManifest>
    <UniqueName>Snapshot</UniqueName>
    <LocalizedNames>
      <LocalizedName description="Snapshot" languagecode="1033" />
    </LocalizedNames>
    <Descriptions>
      <Description description="Snapshot is a lightweight, configurable solution for integration, recycling, backup and copying of data in Dynamics CRM. For more information on how to make Snapshot work for you visit www.CrmSnapshot.com or follow us on Twitter @CRMSnapshot" languagecode="1033" />
    </Descriptions>
    <Version>2.1.2</Version>
    <Managed>1</Managed>
    <Publisher>
      <UniqueName>cobalt</UniqueName>
      <LocalizedNames>
        <LocalizedName description="Cobalt" languagecode="1033" />
      </LocalizedNames>
      <Descriptions>
        <Description description="Cobalt is a Microsoft Gold Partner dedicated to assisting clients drive revenue, increase internal efficiency and offer value-added services to their customers by leveraging Microsoft Dynamics CRM to build a complete solution including customer portals, social communities and mobile applications. For more information visit www.cobalt.net" languagecode="1033" />
      </Descriptions>
      <EMailAddress xsi:nil="true"></EMailAddress>
      <SupportingWebsiteUrl xsi:nil="true"></SupportingWebsiteUrl>
      <CustomizationPrefix>cobalt</CustomizationPrefix>
      <CustomizationOptionValuePrefix>53347</CustomizationOptionValuePrefix>
      <Addresses>
        <Address>
          <AddressNumber>1</AddressNumber>
          <AddressTypeCode>1</AddressTypeCode>
          <City xsi:nil="true"></City>
          <County xsi:nil="true"></County>
          <Country xsi:nil="true"></Country>
          <Fax xsi:nil="true"></Fax>
          <FreightTermsCode xsi:nil="true"></FreightTermsCode>
          <ImportSequenceNumber xsi:nil="true"></ImportSequenceNumber>
          <Latitude xsi:nil="true"></Latitude>
          <Line1 xsi:nil="true"></Line1>
          <Line2 xsi:nil="true"></Line2>
          <Line3 xsi:nil="true"></Line3>
          <Longitude xsi:nil="true"></Longitude>
          <Name xsi:nil="true"></Name>
          <PostalCode xsi:nil="true"></PostalCode>
          <PostOfficeBox xsi:nil="true"></PostOfficeBox>
          <PrimaryContactName xsi:nil="true"></PrimaryContactName>
          <ShippingMethodCode>1</ShippingMethodCode>
          <StateOrProvince xsi:nil="true"></StateOrProvince>
          <Telephone1 xsi:nil="true"></Telephone1>
          <Telephone2 xsi:nil="true"></Telephone2>
          <Telephone3 xsi:nil="true"></Telephone3>
          <TimeZoneRuleVersionNumber xsi:nil="true"></TimeZoneRuleVersionNumber>
          <UPSZone xsi:nil="true"></UPSZone>
          <UTCOffset xsi:nil="true"></UTCOffset>
          <UTCConversionTimeZoneCode xsi:nil="true"></UTCConversionTimeZoneCode>
        </Address>
        <Address>
          <AddressNumber>2</AddressNumber>
          <AddressTypeCode>1</AddressTypeCode>
          <City xsi:nil="true"></City>
          <County xsi:nil="true"></County>
          <Country xsi:nil="true"></Country>
          <Fax xsi:nil="true"></Fax>
          <FreightTermsCode xsi:nil="true"></FreightTermsCode>
          <ImportSequenceNumber xsi:nil="true"></ImportSequenceNumber>
          <Latitude xsi:nil="true"></Latitude>
          <Line1 xsi:nil="true"></Line1>
          <Line2 xsi:nil="true"></Line2>
          <Line3 xsi:nil="true"></Line3>
          <Longitude xsi:nil="true"></Longitude>
          <Name xsi:nil="true"></Name>
          <PostalCode xsi:nil="true"></PostalCode>
          <PostOfficeBox xsi:nil="true"></PostOfficeBox>
          <PrimaryContactName xsi:nil="true"></PrimaryContactName>
          <ShippingMethodCode>1</ShippingMethodCode>
          <StateOrProvince xsi:nil="true"></StateOrProvince>
          <Telephone1 xsi:nil="true"></Telephone1>
          <Telephone2 xsi:nil="true"></Telephone2>
          <Telephone3 xsi:nil="true"></Telephone3>
          <TimeZoneRuleVersionNumber xsi:nil="true"></TimeZoneRuleVersionNumber>
          <UPSZone xsi:nil="true"></UPSZone>
          <UTCOffset xsi:nil="true"></UTCOffset>
          <UTCConversionTimeZoneCode xsi:nil="true"></UTCConversionTimeZoneCode>
        </Address>
      </Addresses>
    </Publisher>
    <RootComponents>
      <RootComponent type="1" schemaName="cobalt_snapshot" />
      <RootComponent type="1" schemaName="cobalt_snapshotinstruction" />
      <RootComponent type="29" id="{014806a3-6fa1-4125-8552-f774d9489c01}" />
      <RootComponent type="29" id="{0d6225a6-dd62-45fb-b27e-cda6543ca78c}" />
      <RootComponent type="29" id="{12e649ac-fa2d-434d-b263-21eb6cba8ed4}" />
      <RootComponent type="29" id="{161c3bb6-d283-48ec-93ca-33560acd08f3}" />
      <RootComponent type="29" id="{193d4aba-ac70-41aa-92bb-23099f423019}" />
      <RootComponent type="29" id="{29584c5f-e05f-4179-97dd-9565b94acac1}" />
      <RootComponent type="29" id="{2a81bfa2-b963-4999-8b61-abdfa1764c99}" />
      <RootComponent type="29" id="{31cc81a1-0648-4c8b-ac92-38820eb29c74}" />
      <RootComponent type="29" id="{34ed1bd4-2079-4c6c-aebf-efae24744ff7}" />
      <RootComponent type="29" id="{47dcca30-bcd7-463b-b65f-867d0f7f88b9}" />
      <RootComponent type="29" id="{4d5ca4d3-6693-4a14-800f-702faed32d01}" />
      <RootComponent type="29" id="{67fe745d-e15e-4a8c-9356-4514a894d2b2}" />
      <RootComponent type="29" id="{70f681e7-64f1-4d8d-bf2e-4a0c3eb7693d}" />
      <RootComponent type="29" id="{7cc89ef7-33f5-4519-9689-f8f6a1aa058b}" />
      <RootComponent type="29" id="{87bfb847-c33d-4a67-872b-cefeaaaed367}" />
      <RootComponent type="29" id="{91194e60-c0ba-4a59-adc0-8ffff446fa9a}" />
      <RootComponent type="29" id="{9d76ed2a-0921-4ee4-9ead-4337bba4e0e2}" />
      <RootComponent type="29" id="{a65c19ce-9b0f-435e-8d67-c4b9f7a3f2ea}" />
      <RootComponent type="29" id="{a6cf84db-f9bc-4859-8836-79599aa5692a}" />
      <RootComponent type="29" id="{aaf9e7d7-6d78-47b9-8b91-f7ad210578c3}" />
      <RootComponent type="29" id="{c1b7d309-05f7-4c23-a430-823ee1e0e980}" />
      <RootComponent type="29" id="{c7e59d28-1682-4328-92b6-83e8fd50c049}" />
      <RootComponent type="29" id="{c8aebca0-5ec3-4fe2-a0ec-2ae81840177f}" />
      <RootComponent type="29" id="{cad31f4d-04da-460d-bd45-acfb774a1e75}" />
      <RootComponent type="29" id="{ce160f73-5b78-4225-96f9-94d2b30ec55f}" />
      <RootComponent type="29" id="{cef0fd8e-9350-4835-b5ef-add88872e624}" />
      <RootComponent type="29" id="{cf6e2b21-9cae-42c0-8394-1b346704fb19}" />
      <RootComponent type="29" id="{d4a2535e-31d9-4273-9a9f-75cf85ab7ae4}" />
      <RootComponent type="29" id="{df12552e-8631-4ebd-82ac-49721d2aa111}" />
      <RootComponent type="29" id="{f2ac5cc9-c7c6-457b-b1d5-72f1c7740a55}" />
      <RootComponent type="29" id="{f6dfd933-9e98-4bbd-9ac2-9a0c5a2bd473}" />
      <RootComponent type="61" schemaName="cobalt_/AuditHistoryMigrator.htm" />
      <RootComponent type="61" schemaName="cobalt_/AuditRestoreIcon_16" />
      <RootComponent type="61" schemaName="cobalt_/AuditRestoreIcon_32" />
      <RootComponent type="61" schemaName="cobalt_/Images/checkblack.png" />
      <RootComponent type="61" schemaName="cobalt_/Images/checkintermediateblack.png" />
      <RootComponent type="61" schemaName="cobalt_/Images/close.png" />
      <RootComponent type="61" schemaName="cobalt_/Images/copyinstructions.gif" />
      <RootComponent type="61" schemaName="cobalt_/Images/crm.png" />
      <RootComponent type="61" schemaName="cobalt_/Images/delete.png" />
      <RootComponent type="61" schemaName="cobalt_/Images/iconcalendar.png" />
      <RootComponent type="61" schemaName="cobalt_/Images/icondown.png" />
      <RootComponent type="61" schemaName="cobalt_/Images/iconleft.png" />
      <RootComponent type="61" schemaName="cobalt_/Images/iconright.png" />
      <RootComponent type="61" schemaName="cobalt_/Images/iconup.png" />
      <RootComponent type="61" schemaName="cobalt_/images/instructionLarge" />
      <RootComponent type="61" schemaName="cobalt_/images/instructionsmall" />
      <RootComponent type="61" schemaName="cobalt_/Images/loader.gif" />
      <RootComponent type="61" schemaName="cobalt_/Images/pickentity.gif" />
      <RootComponent type="61" schemaName="cobalt_/Images/popout.png" />
      <RootComponent type="61" schemaName="cobalt_/Images/sortasc.png" />
      <RootComponent type="61" schemaName="cobalt_/Images/sortdesc.png" />
      <RootComponent type="61" schemaName="cobalt_/Images/sortremove.png" />
      <RootComponent type="61" schemaName="cobalt_/InstructionGenerator.htm" />
      <RootComponent type="61" schemaName="cobalt_/Scripts/globalize.js" />
      <RootComponent type="61" schemaName="cobalt_/Scripts/globalize/cultureenCA.js" />
      <RootComponent type="61" schemaName="cobalt_/Scripts/globalize/cultureenCZ.js" />
      <RootComponent type="61" schemaName="cobalt_/Scripts/globalize/cultureenDE.js" />
      <RootComponent type="61" schemaName="cobalt_/Scripts/globalize/cultureenFR.js" />
      <RootComponent type="61" schemaName="cobalt_/Scripts/globalize/cultureenHR.js" />
      <RootComponent type="61" schemaName="cobalt_/Scripts/globalize/cultureenHU.js" />
      <RootComponent type="61" schemaName="cobalt_/Scripts/globalize/cultureenIL.js" />
      <RootComponent type="61" schemaName="cobalt_/Scripts/globalize/cultureenIN.js" />
      <RootComponent type="61" schemaName="cobalt_/Scripts/globalize/cultureenIT.js" />
      <RootComponent type="61" schemaName="cobalt_/Scripts/globalize/cultureenJP.js" />
      <RootComponent type="61" schemaName="cobalt_/Scripts/globalize/cultureenLT.js" />
      <RootComponent type="61" schemaName="cobalt_/Scripts/globalize/cultureenRU.js" />
      <RootComponent type="61" schemaName="cobalt_/Scripts/globalize/cultureenUS.js" />
      <RootComponent type="61" schemaName="cobalt_/Scripts/jqxbuttons.js" />
      <RootComponent type="61" schemaName="cobalt_/Scripts/jqxcalendar.js" />
      <RootComponent type="61" schemaName="cobalt_/Scripts/jqxcheckbox.js" />
      <RootComponent type="61" schemaName="cobalt_/Scripts/jqxcombobox.js" />
      <RootComponent type="61" schemaName="cobalt_/Scripts/jqxcore.js" />
      <RootComponent type="61" schemaName="cobalt_/Scripts/jqxdata.js" />
      <RootComponent type="61" schemaName="cobalt_/Scripts/jqxdatetimeinput.js" />
      <RootComponent type="61" schemaName="cobalt_/Scripts/jqxgrid.columnsresize.js" />
      <RootComponent type="61" schemaName="cobalt_/Scripts/jqxgrid.js" />
      <RootComponent type="61" schemaName="cobalt_/Scripts/jqxgrid.selection.js" />
      <RootComponent type="61" schemaName="cobalt_/Scripts/jqxgrid.sort.js" />
      <RootComponent type="61" schemaName="cobalt_/Scripts/jqxlistbox.js" />
      <RootComponent type="61" schemaName="cobalt_/Scripts/jqxmenu.js" />
      <RootComponent type="61" schemaName="cobalt_/Scripts/jqxpanel.js" />
      <RootComponent type="61" schemaName="cobalt_/Scripts/jqxprogressbar.js" />
      <RootComponent type="61" schemaName="cobalt_/Scripts/jqxscrollbar.js" />
      <RootComponent type="61" schemaName="cobalt_/Scripts/jqxsplitter.js" />
      <RootComponent type="61" schemaName="cobalt_/Scripts/jqxwindow.js" />
      <RootComponent type="61" schemaName="cobalt_/Scripts/jstree.min.js" />
      <RootComponent type="61" schemaName="cobalt_/Scripts/SDK.MetaData.js" />
      <RootComponent type="61" schemaName="cobalt_/SnapshotPreview" />
      <RootComponent type="61" schemaName="cobalt_/Styles/jqx.base.css" />
      <RootComponent type="61" schemaName="cobalt_/Styles/JsTree/32px.png" />
      <RootComponent type="61" schemaName="cobalt_/Styles/JsTree/style.min.css" />
      <RootComponent type="61" schemaName="cobalt_/Styles/JsTree/throbber.gif" />
      <RootComponent type="61" schemaName="cobalt_recyclingbinlarge" />
      <RootComponent type="61" schemaName="cobalt_recyclingbinsmall" />
      <RootComponent type="61" schemaName="cobalt_RestoreSnapshotClone16" />
      <RootComponent type="61" schemaName="cobalt_RestoreSnapshotClone32" />
      <RootComponent type="61" schemaName="cobalt_RestoreSnapshotMerge16" />
      <RootComponent type="61" schemaName="cobalt_RestoreSnapshotMerge32" />
      <RootComponent type="61" schemaName="cobalt_RestoreSnapshotRecursiveRollback16" />
      <RootComponent type="61" schemaName="cobalt_RestoreSnapshotRecursiveRollback32" />
      <RootComponent type="61" schemaName="cobalt_RestoreSnapshotRollback16" />
      <RootComponent type="61" schemaName="cobalt_RestoreSnapshotRollback32" />
      <RootComponent type="61" schemaName="cobalt_sdk_metadata.js" />
      <RootComponent type="61" schemaName="cobalt_SnapshotActionScripts" />
      <RootComponent type="61" schemaName="cobalt_snapshotlargeicon" />
      <RootComponent type="61" schemaName="cobalt_snapshotsmallicon" />
      <RootComponent type="62" />
      <RootComponent type="91" schemaName="Cobalt.Components.Crm.Plugins.Snapshot, Version=1.0.0.0, Culture=neutral, PublicKeyToken=3388467a01ddf8f4" />
      <RootComponent type="92" id="{10e8a8db-acd8-e411-9348-00155d690d01}" />
      <RootComponent type="92" id="{18aa700e-2023-e511-9f31-00155d690d01}" />
      <RootComponent type="92" id="{588cebee-acd8-e411-9348-00155d690d01}" />
      <RootComponent type="92" id="{80ade0fd-acd8-e411-9348-00155d690d01}" />
      <RootComponent type="92" id="{d9b4d37c-1c23-e511-9f31-00155d690d01}" />
      <RootComponent type="92" id="{f824c4c7-acd8-e411-9348-00155d690d01}" />
    </RootComponents>
    <MissingDependencies>
      <MissingDependency>
        <Required key="0" type="9" schemaName="socialprofile_community" displayName="Social Channel" solution="System" />
        <Dependent key="1" type="2" schemaName="community" displayName="Social Channel" parentSchemaName="cobalt_snapshot" parentDisplayName="Snapshot" />
      </MissingDependency>
      <MissingDependency>
        <Required key="2" type="20" displayName="System Customizer" solution="System" id="{31215e90-be50-e511-80ce-00155d690d4d}" parentId="{119f245c-3cc8-4b62-b31c-d1a046ced15d}" />
        <Dependent key="3" type="60" displayName="Hierarchy Quick View" parentDisplayName="Snapshot" id="{3e2d4617-8875-4f30-bf09-844b7f6e0851}" />
      </MissingDependency>
    </MissingDependencies>
  </SolutionManifest>
</ImportExportXml>